original_path,current_path,may_11_classification,may_12_disposition,current_owner,canonical_target,recommended_action,reason
docs/architecture/.DS_Store,,not-in-may-11-inventory,delete,Repository Architect / Agent governance,n/a,remove local Finder metadata artifact; do not archive,Untracked local metadata file; not documentation or audit evidence.
docs/architecture/ADR-001-APPROVAL.md,docs/architecture/ADR-001-APPROVAL.md,current-support,current-support-adr,Repository Architect,docs/architecture/ADR-001-APPROVAL.md,keep in docs/architecture as active support ADR; review when contracts change,May 11 inventory kept this as current-support; May 12 triage keeps it as support ADR material.
docs/architecture/ADR-001-PBR-Integration-Architecture.md,docs/architecture/ADR-001-PBR-Integration-Architecture.md,current-support,current-support-adr,Repository Architect,docs/architecture/ADR-001-PBR-Integration-Architecture.md,keep in docs/architecture as active support ADR; review when contracts change,May 11 inventory kept this as current-support; May 12 triage keeps it as support ADR material.
docs/architecture/ADR-017-parallelization-strategy.md,docs/architecture/ADR-017-parallelization-strategy.md,current-support,current-support-adr,Repository Architect,docs/architecture/ADR-017-parallelization-strategy.md,keep in docs/architecture as active support ADR; review when contracts change,May 11 inventory kept this as current-support; May 12 triage keeps it as support ADR material.
docs/architecture/ADR-018-depth-pro-integration.md,docs/architecture/ADR-018-depth-pro-integration.md,current-support,current-support-adr,Repository Architect,docs/architecture/ADR-018-depth-pro-integration.md,keep in docs/architecture as active support ADR; review when contracts change,May 11 inventory kept this as current-support; May 12 triage keeps it as support ADR material.
docs/architecture/ADR-019-depth-backend-unification.md,docs/architecture/ADR-019-depth-backend-unification.md,canonical,canonical,Repository Architect,docs/architecture/ADR-019-depth-backend-unification.md,maintain as canonical architecture source,Kept in the explicit canonical architecture set from the May 12 triage plan.
docs/architecture/ADR-019_FINAL_CHECKLIST.md,docs/architecture/ADR-019_FINAL_CHECKLIST.md,current-support,current-support-adr,Repository Architect,docs/architecture/ADR-019_FINAL_CHECKLIST.md,keep in docs/architecture as active support ADR; review when contracts change,May 11 inventory kept this as current-support; May 12 triage keeps it as support ADR material.
docs/architecture/ADR-019_VERIFICATION_REPORT.md,docs/architecture/ADR-019_VERIFICATION_REPORT.md,current-support,current-support-adr,Repository Architect,docs/architecture/ADR-019_VERIFICATION_REPORT.md,keep in docs/architecture as active support ADR; review when contracts change,May 11 inventory kept this as current-support; May 12 triage keeps it as support ADR material.
docs/architecture/ADR-020-drop-python-3.10.md,docs/architecture/ADR-020-drop-python-3.10.md,current-support,current-support-adr,Repository Architect,docs/architecture/ADR-020-drop-python-3.10.md,keep in docs/architecture as active support ADR; review when contracts change,May 11 inventory kept this as current-support; May 12 triage keeps it as support ADR material.
docs/architecture/ADR-021-huggingface-revision-policy.md,docs/architecture/ADR-021-huggingface-revision-policy.md,current-support,current-support-adr,Repository Architect,docs/architecture/ADR-021-huggingface-revision-policy.md,keep in docs/architecture as active support ADR; review when contracts change,May 11 inventory kept this as current-support; May 12 triage keeps it as support ADR material.
docs/architecture/ADR-022-v2-enhancement-optional.md,docs/architecture/ADR-022-v2-enhancement-optional.md,current-support,current-support-adr,Repository Architect,docs/architecture/ADR-022-v2-enhancement-optional.md,keep in docs/architecture as active support ADR; review when contracts change,May 11 inventory kept this as current-support; May 12 triage keeps it as support ADR material.
docs/architecture/ADR-023-spatial-ai-ingest-isolation.md,docs/architecture/ADR-023-spatial-ai-ingest-isolation.md,current-support,current-support-adr,Repository Architect,docs/architecture/ADR-023-spatial-ai-ingest-isolation.md,keep in docs/architecture as active support ADR; review when contracts change,May 11 inventory kept this as current-support; May 12 triage keeps it as support ADR material.
docs/architecture/ADR-024-apache-iceberg-ban.md,docs/architecture/ADR-024-apache-iceberg-ban.md,current-support,current-support-adr,Repository Architect,docs/architecture/ADR-024-apache-iceberg-ban.md,keep in docs/architecture as active support ADR; review when contracts change,May 11 inventory kept this as current-support; May 12 triage keeps it as support ADR material.
docs/architecture/ADR-025-apex-research-workflow.md,docs/architecture/ADR-025-apex-research-workflow.md,current-support,current-support-adr,Repository Architect,docs/architecture/ADR-025-apex-research-workflow.md,keep in docs/architecture as active support ADR; review when contracts change,May 11 inventory kept this as current-support; May 12 triage keeps it as support ADR material.
docs/architecture/ADR-026-apex-research-ultra.md,docs/architecture/ADR-026-apex-research-ultra.md,current-support,current-support-adr,Repository Architect,docs/architecture/ADR-026-apex-research-ultra.md,keep in docs/architecture as active support ADR; review when contracts change,May 11 inventory kept this as current-support; May 12 triage keeps it as support ADR material.
docs/architecture/ADR-027-phase2-spatial-ai-extension.md,docs/architecture/ADR-027-phase2-spatial-ai-extension.md,current-support,current-support-adr,Repository Architect,docs/architecture/ADR-027-phase2-spatial-ai-extension.md,keep in docs/architecture as active support ADR; review when contracts change,May 11 inventory kept this as current-support; May 12 triage keeps it as support ADR material.
docs/architecture/ADR-029-execution-graph-abstraction.md,docs/architecture/ADR-029-execution-graph-abstraction.md,current-support,current-support-adr,Repository Architect,docs/architecture/ADR-029-execution-graph-abstraction.md,keep in docs/architecture as active support ADR; review when contracts change,May 11 inventory kept this as current-support; May 12 triage keeps it as support ADR material.
docs/architecture/ADR-030-materials-v3-production-integration.md,docs/architecture/ADR-030-materials-v3-production-integration.md,current-support,current-support-adr,Repository Architect,docs/architecture/ADR-030-materials-v3-production-integration.md,keep in docs/architecture as active support ADR; review when contracts change,May 11 inventory kept this as current-support; May 12 triage keeps it as support ADR material.
docs/architecture/ADR-030-phase2-deterministic-raw-ingest.md,docs/architecture/ADR-030-phase2-deterministic-raw-ingest.md,canonical,canonical,Repository Architect,docs/architecture/ADR-030-phase2-deterministic-raw-ingest.md,maintain as canonical architecture source,Kept in the explicit canonical architecture set from the May 12 triage plan.
docs/architecture/ADR-031-test-dependency-isolation.md,docs/architecture/ADR-031-test-dependency-isolation.md,current-support,current-support-adr,Repository Architect,docs/architecture/ADR-031-test-dependency-isolation.md,keep in docs/architecture as active support ADR; review when contracts change,May 11 inventory kept this as current-support; May 12 triage keeps it as support ADR material.
docs/architecture/ADR-032-dependency-pinning-strategy.md,docs/architecture/ADR-032-dependency-pinning-strategy.md,current-support,promoted-current-navigation,Repository Architect,docs/architecture/ADR-032-dependency-pinning-strategy.md,maintain in current navigation and governance cross-references,Promoted/current-navigation support file named by the May 12 triage plan.
docs/architecture/ADR-033-test-flake-management.md,docs/architecture/ADR-033-test-flake-management.md,current-support,current-support-adr,Repository Architect,docs/architecture/ADR-033-test-flake-management.md,keep in docs/architecture as active support ADR; review when contracts change,May 11 inventory kept this as current-support; May 12 triage keeps it as support ADR material.
docs/architecture/ADR-034-benchmark-exclusion-from-pr-gating.md,docs/architecture/ADR-034-benchmark-exclusion-from-pr-gating.md,current-support,current-support-adr,Repository Architect,docs/architecture/ADR-034-benchmark-exclusion-from-pr-gating.md,keep in docs/architecture as active support ADR; review when contracts change,May 11 inventory kept this as current-support; May 12 triage keeps it as support ADR material.
docs/architecture/ADR-035-bundle-root-anchoring-invariants.md,docs/architecture/ADR-035-bundle-root-anchoring-invariants.md,current-support,current-support-adr,Repository Architect,docs/architecture/ADR-035-bundle-root-anchoring-invariants.md,keep in docs/architecture as active support ADR; review when contracts change,May 11 inventory kept this as current-support; May 12 triage keeps it as support ADR material.
docs/architecture/ADR-036-accountability-governance-invariants.md,docs/architecture/ADR-036-accountability-governance-invariants.md,current-support,current-support-adr,Repository Architect,docs/architecture/ADR-036-accountability-governance-invariants.md,keep in docs/architecture as active support ADR; review when contracts change,May 11 inventory kept this as current-support; May 12 triage keeps it as support ADR material.
docs/architecture/ADR-037-repo-root-contract.md,docs/architecture/ADR-037-repo-root-contract.md,current-support,current-support-adr,Repository Architect,docs/architecture/ADR-037-repo-root-contract.md,keep in docs/architecture as active support ADR; review when contracts change,May 11 inventory kept this as current-support; May 12 triage keeps it as support ADR material.
docs/architecture/ADR-038-operational-determinism-enforcement-layer.md,docs/architecture/ADR-038-operational-determinism-enforcement-layer.md,current-support,current-support-adr,Repository Architect,docs/architecture/ADR-038-operational-determinism-enforcement-layer.md,keep in docs/architecture as active support ADR; review when contracts change,May 11 inventory kept this as current-support; May 12 triage keeps it as support ADR material.
docs/architecture/ADR-039-branch-staleness-and-selective-integration-policy.md,docs/architecture/ADR-039-branch-staleness-and-selective-integration-policy.md,current-support,current-support-adr,Repository Architect,docs/architecture/ADR-039-branch-staleness-and-selective-integration-policy.md,keep in docs/architecture as active support ADR; review when contracts change,May 11 inventory kept this as current-support; May 12 triage keeps it as support ADR material.
docs/architecture/ADR-040-remove-multipleof-floats-tp-meta-capture-v1.md,docs/architecture/ADR-040-remove-multipleof-floats-tp-meta-capture-v1.md,current-support,current-support-adr,Repository Architect,docs/architecture/ADR-040-remove-multipleof-floats-tp-meta-capture-v1.md,keep in docs/architecture as active support ADR; review when contracts change,May 11 inventory kept this as current-support; May 12 triage keeps it as support ADR material.
docs/architecture/ADR-041-phase4f-external-verification-and-trust-export.md,docs/architecture/ADR-041-phase4f-external-verification-and-trust-export.md,current-support,current-support-adr,Repository Architect,docs/architecture/ADR-041-phase4f-external-verification-and-trust-export.md,keep in docs/architecture as active support ADR; review when contracts change,May 11 inventory kept this as current-support; May 12 triage keeps it as support ADR material.
docs/architecture/ADR-042-scene-group-contract.md,docs/architecture/ADR-042-scene-group-contract.md,current-support,current-support-adr,Repository Architect,docs/architecture/ADR-042-scene-group-contract.md,keep in docs/architecture as active support ADR; review when contracts change,May 11 inventory kept this as current-support; May 12 triage keeps it as support ADR material.
docs/architecture/ADR-043-orchestrator-decomposition.md,docs/architecture/ADR-043-orchestrator-decomposition.md,current-support,current-support-adr,Repository Architect,docs/architecture/ADR-043-orchestrator-decomposition.md,keep in docs/architecture as active support ADR; review when contracts change,May 11 inventory kept this as current-support; May 12 triage keeps it as support ADR material.
docs/architecture/ADR-044-test-marker-enforcement.md,docs/architecture/ADR-044-test-marker-enforcement.md,current-support,promoted-current-navigation,Repository Architect,docs/architecture/ADR-044-test-marker-enforcement.md,maintain in current navigation and governance cross-references,Promoted/current-navigation support file named by the May 12 triage plan.
docs/architecture/ADR-045-monolith-decomposition-residuals.md,docs/architecture/ADR-045-monolith-decomposition-residuals.md,current-support,current-support-adr,Repository Architect,docs/architecture/ADR-045-monolith-decomposition-residuals.md,keep in docs/architecture as active support ADR; review when contracts change,May 11 inventory kept this as current-support; May 12 triage keeps it as support ADR material.
docs/architecture/ADR-046-app-path-security-helper-extraction.md,docs/architecture/ADR-046-app-path-security-helper-extraction.md,current-support,current-support-adr,Repository Architect,docs/architecture/ADR-046-app-path-security-helper-extraction.md,keep in docs/architecture as active support ADR; review when contracts change,May 11 inventory kept this as current-support; May 12 triage keeps it as support ADR material.
docs/architecture/ADR-047-managed-sam2-checkpoint-security-extraction.md,docs/architecture/ADR-047-managed-sam2-checkpoint-security-extraction.md,current-support,current-support-adr,Repository Architect,docs/architecture/ADR-047-managed-sam2-checkpoint-security-extraction.md,keep in docs/architecture as active support ADR; review when contracts change,May 11 inventory kept this as current-support; May 12 triage keeps it as support ADR material.
docs/architecture/ADR-0XX-vjepa2-separate-repo-TEMPLATE.md,docs/architecture/ADR-0XX-vjepa2-separate-repo-TEMPLATE.md,current-support,current-support-adr,Repository Architect,docs/architecture/ADR-0XX-vjepa2-separate-repo-TEMPLATE.md,keep in docs/architecture as active support ADR; review when contracts change,May 11 inventory kept this as current-support; May 12 triage keeps it as support ADR material.
docs/architecture/APEX_END_TO_END_ARCHITECTURE.md,docs/architecture/APEX_END_TO_END_ARCHITECTURE.md,current-support,review-required-planning,Repository Architect,docs/architecture/APEX_END_TO_END_ARCHITECTURE.md,keep in docs/architecture pending owner review for promotion or archival,May 11 inventory kept this as current-support; May 12 triage flags it for owner review.
docs/architecture/APEX_PHASE3_ARCHITECTURE.md,docs/architecture/APEX_PHASE3_ARCHITECTURE.md,current-support,review-required-planning,Repository Architect,docs/architecture/APEX_PHASE3_ARCHITECTURE.md,keep in docs/architecture pending owner review for promotion or archival,May 11 inventory kept this as current-support; May 12 triage flags it for owner review.
docs/architecture/APEX_WORKFLOW_DESIGN.md,docs/architecture/APEX_WORKFLOW_DESIGN.md,canonical,canonical,Repository Architect,docs/architecture/APEX_WORKFLOW_DESIGN.md,maintain as canonical architecture source,Kept in the explicit canonical architecture set from the May 12 triage plan.
docs/architecture/ARCHITECTURAL_CONTEXT_IMPLEMENTATION.md,docs/architecture/ARCHITECTURAL_CONTEXT_IMPLEMENTATION.md,current-support,review-required-planning,Repository Architect,docs/architecture/ARCHITECTURAL_CONTEXT_IMPLEMENTATION.md,keep in docs/architecture pending owner review for promotion or archival,May 11 inventory kept this as current-support; May 12 triage flags it for owner review.
docs/architecture/ARCHITECTURAL_CONTEXT_INTEGRATION.md,docs/architecture/ARCHITECTURAL_CONTEXT_INTEGRATION.md,current-support,review-required-planning,Repository Architect,docs/architecture/ARCHITECTURAL_CONTEXT_INTEGRATION.md,keep in docs/architecture pending owner review for promotion or archival,May 11 inventory kept this as current-support; May 12 triage flags it for owner review.
docs/architecture/ARCHITECTURAL_WORKFLOW.md,docs/architecture/ARCHITECTURAL_WORKFLOW.md,current-support,review-required-planning,Repository Architect,docs/architecture/ARCHITECTURAL_WORKFLOW.md,keep in docs/architecture pending owner review for promotion or archival,May 11 inventory kept this as current-support; May 12 triage flags it for owner review.
docs/architecture/ARCHITECTURE.md,docs/architecture/ARCHITECTURE.md,canonical,canonical,Repository Architect,docs/architecture/ARCHITECTURE.md,maintain as canonical architecture source,Kept in the explicit canonical architecture set from the May 12 triage plan.
docs/architecture/ARCHITECTURE_PHILOSOPHY.md,docs/architecture/ARCHITECTURE_PHILOSOPHY.md,current-support,review-required-planning,Repository Architect,docs/architecture/ARCHITECTURE_PHILOSOPHY.md,keep in docs/architecture pending owner review for promotion or archival,May 11 inventory kept this as current-support; May 12 triage flags it for owner review.
docs/architecture/ARCHITECT_DIRECTIVE_CI_HEALTH.md,docs/architecture/ARCHITECT_DIRECTIVE_CI_HEALTH.md,current-support,review-required-planning,Repository Architect,docs/architecture/ARCHITECT_DIRECTIVE_CI_HEALTH.md,keep in docs/architecture pending owner review for promotion or archival,May 11 inventory kept this as current-support; May 12 triage flags it for owner review.
docs/architecture/BRANCH_CLEANUP_QUICKREF.md,docs/architecture/BRANCH_CLEANUP_QUICKREF.md,current-support,review-required-planning,Repository Architect,docs/architecture/BRANCH_CLEANUP_QUICKREF.md,keep in docs/architecture pending owner review for promotion or archival,May 11 inventory kept this as current-support; May 12 triage flags it for owner review.
docs/architecture/BRANCH_HYGIENE_ASSESSMENT_2026-02-16.md,docs/architecture/BRANCH_HYGIENE_ASSESSMENT_2026-02-16.md,current-support,review-required-planning,Repository Architect,docs/architecture/BRANCH_HYGIENE_ASSESSMENT_2026-02-16.md,keep in docs/architecture pending owner review for promotion or archival,May 11 inventory kept this as current-support; May 12 triage flags it for owner review.
docs/architecture/CI_003_ARCHITECT_ASSESSMENT.md,docs/architecture/CI_003_ARCHITECT_ASSESSMENT.md,current-support,review-required-planning,Repository Architect,docs/architecture/CI_003_ARCHITECT_ASSESSMENT.md,keep in docs/architecture pending owner review for promotion or archival,May 11 inventory kept this as current-support; May 12 triage flags it for owner review.
docs/architecture/CODEBASE_AUDIT_2026_Q1.md,docs/architecture/CODEBASE_AUDIT_2026_Q1.md,current-support,review-required-planning,Repository Architect,docs/architecture/CODEBASE_AUDIT_2026_Q1.md,keep in docs/architecture pending owner review for promotion or archival,May 11 inventory kept this as current-support; May 12 triage flags it for owner review.
docs/architecture/DECISION_SUMMARY_2026-02-15.txt,docs/historical/architecture/DECISION_SUMMARY_2026-02-15.txt,historical,moved-to-historical,Repository Architect,docs/governance/DOCUMENTATION_MAP.md,retain as point-in-time evidence outside docs/architecture navigation,May 12 architecture triage moved point-in-time reports out of maintained architecture navigation.
docs/architecture/DEVELOPMENT_ROADMAP_2026_Q2.md,docs/architecture/DEVELOPMENT_ROADMAP_2026_Q2.md,current-support,review-required-planning,Repository Architect,docs/architecture/DEVELOPMENT_ROADMAP_2026_Q2.md,keep in docs/architecture pending owner review for promotion or archival,May 11 inventory kept this as current-support; May 12 triage flags it for owner review.
docs/architecture/DNA_UX_UI_STRATEGY_REBASELINE_2026-04-08.md,docs/architecture/DNA_UX_UI_STRATEGY_REBASELINE_2026-04-08.md,current-support,promoted-current-navigation,Repository Architect,docs/architecture/DNA_UX_UI_STRATEGY_REBASELINE_2026-04-08.md,maintain in current navigation and governance cross-references,Promoted/current-navigation support file named by the May 12 triage plan.
docs/architecture/DUAL_REQUEST_ARCHITECT_DECISION.md,docs/architecture/DUAL_REQUEST_ARCHITECT_DECISION.md,current-support,review-required-planning,Repository Architect,docs/architecture/DUAL_REQUEST_ARCHITECT_DECISION.md,keep in docs/architecture pending owner review for promotion or archival,May 11 inventory kept this as current-support; May 12 triage flags it for owner review.
docs/architecture/DUAL_REQUEST_QUICK_REF.md,docs/architecture/DUAL_REQUEST_QUICK_REF.md,current-support,review-required-planning,Repository Architect,docs/architecture/DUAL_REQUEST_QUICK_REF.md,keep in docs/architecture pending owner review for promotion or archival,May 11 inventory kept this as current-support; May 12 triage flags it for owner review.
docs/architecture/ISSUE_COMPLETION_AUDIT_879_852.md,docs/historical/architecture/ISSUE_COMPLETION_AUDIT_879_852.md,historical,moved-to-historical,Repository Architect,docs/governance/DOCUMENTATION_MAP.md,retain as point-in-time evidence outside docs/architecture navigation,May 12 architecture triage moved point-in-time reports out of maintained architecture navigation.
docs/architecture/MATERIALS_V3_ARCHITECTURAL_APPROVAL.md,docs/historical/architecture/MATERIALS_V3_ARCHITECTURAL_APPROVAL.md,historical,moved-to-historical,Repository Architect,docs/governance/DOCUMENTATION_MAP.md,retain as point-in-time evidence outside docs/architecture navigation,May 12 architecture triage moved point-in-time reports out of maintained architecture navigation.
docs/architecture/ML_CI_OPTIMIZATION_CHECKLIST.md,docs/historical/architecture/ML_CI_OPTIMIZATION_CHECKLIST.md,historical,moved-to-historical,Repository Architect,docs/governance/DOCUMENTATION_MAP.md,retain as point-in-time evidence outside docs/architecture navigation,May 12 architecture triage moved point-in-time reports out of maintained architecture navigation.
docs/architecture/ML_CI_OPTIMIZATION_QUICKREF.md,docs/architecture/ML_CI_OPTIMIZATION_QUICKREF.md,current-support,review-required-planning,Repository Architect,docs/architecture/ML_CI_OPTIMIZATION_QUICKREF.md,keep in docs/architecture pending owner review for promotion or archival,May 11 inventory kept this as current-support; May 12 triage flags it for owner review.
docs/architecture/ML_CI_OPTIMIZATION_STRATEGIC_REVIEW.md,docs/architecture/ML_CI_OPTIMIZATION_STRATEGIC_REVIEW.md,current-support,review-required-planning,Repository Architect,docs/architecture/ML_CI_OPTIMIZATION_STRATEGIC_REVIEW.md,keep in docs/architecture pending owner review for promotion or archival,May 11 inventory kept this as current-support; May 12 triage flags it for owner review.
docs/architecture/MONOLITH_DECOMPOSITION_TARGETS.md,docs/architecture/MONOLITH_DECOMPOSITION_TARGETS.md,current-support,review-required-planning,Repository Architect,docs/architecture/MONOLITH_DECOMPOSITION_TARGETS.md,keep in docs/architecture pending owner review for promotion or archival,May 11 inventory kept this as current-support; May 12 triage flags it for owner review.
docs/architecture/NIGHTLY_CHECKS_POSTMORTEM_2026-02-02.md,docs/architecture/NIGHTLY_CHECKS_POSTMORTEM_2026-02-02.md,current-support,review-required-planning,Repository Architect,docs/architecture/NIGHTLY_CHECKS_POSTMORTEM_2026-02-02.md,keep in docs/architecture pending owner review for promotion or archival,May 11 inventory kept this as current-support; May 12 triage flags it for owner review.
docs/architecture/NIGHTLY_CI_RESTORATION_REPORT.md,docs/historical/architecture/NIGHTLY_CI_RESTORATION_REPORT.md,historical,moved-to-historical,Repository Architect,docs/governance/DOCUMENTATION_MAP.md,retain as point-in-time evidence outside docs/architecture navigation,May 12 architecture triage moved point-in-time reports out of maintained architecture navigation.
docs/architecture/PBR-Integration-Executive-Summary.md,docs/historical/architecture/PBR-Integration-Executive-Summary.md,historical,moved-to-historical,Repository Architect,docs/governance/DOCUMENTATION_MAP.md,retain as point-in-time evidence outside docs/architecture navigation,May 12 architecture triage moved point-in-time reports out of maintained architecture navigation.
docs/architecture/PBR-Integration-Final-Review.md,docs/architecture/PBR-Integration-Final-Review.md,current-support,review-required-planning,Repository Architect,docs/architecture/PBR-Integration-Final-Review.md,keep in docs/architecture pending owner review for promotion or archival,May 11 inventory kept this as current-support; May 12 triage flags it for owner review.
docs/architecture/PBR-Integration-Implementation-Roadmap.md,docs/architecture/PBR-Integration-Implementation-Roadmap.md,current-support,review-required-planning,Repository Architect,docs/architecture/PBR-Integration-Implementation-Roadmap.md,keep in docs/architecture pending owner review for promotion or archival,May 11 inventory kept this as current-support; May 12 triage flags it for owner review.
docs/architecture/PBR-Integration-Quick-Reference.md,docs/architecture/PBR-Integration-Quick-Reference.md,current-support,review-required-planning,Repository Architect,docs/architecture/PBR-Integration-Quick-Reference.md,keep in docs/architecture pending owner review for promotion or archival,May 11 inventory kept this as current-support; May 12 triage flags it for owner review.
docs/architecture/PBR-Integration-Visual-Architecture.md,docs/architecture/PBR-Integration-Visual-Architecture.md,current-support,review-required-planning,Repository Architect,docs/architecture/PBR-Integration-Visual-Architecture.md,keep in docs/architecture pending owner review for promotion or archival,May 11 inventory kept this as current-support; May 12 triage flags it for owner review.
docs/architecture/PBR_IMPLEMENTATION_REVIEW_2026-02-01.md,docs/architecture/PBR_IMPLEMENTATION_REVIEW_2026-02-01.md,current-support,review-required-planning,Repository Architect,docs/architecture/PBR_IMPLEMENTATION_REVIEW_2026-02-01.md,keep in docs/architecture pending owner review for promotion or archival,May 11 inventory kept this as current-support; May 12 triage flags it for owner review.
docs/architecture/PHASE1-3_OPTIMIZATION_REVIEW.md,docs/architecture/PHASE1-3_OPTIMIZATION_REVIEW.md,current-support,review-required-planning,Repository Architect,docs/architecture/PHASE1-3_OPTIMIZATION_REVIEW.md,keep in docs/architecture pending owner review for promotion or archival,May 11 inventory kept this as current-support; May 12 triage flags it for owner review.
docs/architecture/PHASE2-AUTHORIZATION.md,docs/architecture/PHASE2-AUTHORIZATION.md,current-support,review-required-planning,Repository Architect,docs/architecture/PHASE2-AUTHORIZATION.md,keep in docs/architecture pending owner review for promotion or archival,May 11 inventory kept this as current-support; May 12 triage flags it for owner review.
docs/architecture/PHASE2_DOCUMENTATION_INDEX.md,docs/architecture/PHASE2_DOCUMENTATION_INDEX.md,current-support,review-required-planning,Repository Architect,docs/architecture/PHASE2_DOCUMENTATION_INDEX.md,keep in docs/architecture pending owner review for promotion or archival,May 11 inventory kept this as current-support; May 12 triage flags it for owner review.
docs/architecture/PHASE2_IMPLEMENTATION_PLAN.md,docs/architecture/PHASE2_IMPLEMENTATION_PLAN.md,current-support,review-required-planning,Repository Architect,docs/architecture/PHASE2_IMPLEMENTATION_PLAN.md,keep in docs/architecture pending owner review for promotion or archival,May 11 inventory kept this as current-support; May 12 triage flags it for owner review.
docs/architecture/PHASE2_PLANNING_SUMMARY.md,docs/historical/architecture/PHASE2_PLANNING_SUMMARY.md,historical,moved-to-historical,Repository Architect,docs/governance/DOCUMENTATION_MAP.md,retain as point-in-time evidence outside docs/architecture navigation,May 12 architecture triage moved point-in-time reports out of maintained architecture navigation.
docs/architecture/PHASE2_PR_SUMMARY.md,docs/pr_archive/architecture/PHASE2_PR_SUMMARY.md,historical,moved-to-pr-archive,Repository Architect,docs/governance/DOCUMENTATION_MAP.md,retain as PR/review evidence outside docs/architecture navigation,May 12 architecture triage moved PR/review-specific evidence out of maintained architecture navigation.
docs/architecture/PHASE2_QUICKREF.md,docs/architecture/PHASE2_QUICKREF.md,current-support,review-required-planning,Repository Architect,docs/architecture/PHASE2_QUICKREF.md,keep in docs/architecture pending owner review for promotion or archival,May 11 inventory kept this as current-support; May 12 triage flags it for owner review.
docs/architecture/PHASE3_L1_IMPLEMENTATION_SUMMARY.md,docs/historical/architecture/PHASE3_L1_IMPLEMENTATION_SUMMARY.md,historical,moved-to-historical,Repository Architect,docs/governance/DOCUMENTATION_MAP.md,retain as point-in-time evidence outside docs/architecture navigation,May 12 architecture triage moved point-in-time reports out of maintained architecture navigation.
docs/architecture/PHASE4_CAPTURE_PROVENANCE_FLAWLESS_ROADMAP.md,docs/historical/architecture/PHASE4_CAPTURE_PROVENANCE_FLAWLESS_ROADMAP.md,historical,moved-to-historical,Repository Architect,docs/governance/DOCUMENTATION_MAP.md,retain as point-in-time evidence outside docs/architecture navigation,May 12 architecture triage moved point-in-time reports out of maintained architecture navigation.
docs/architecture/PHASE4_PORTAL_INTEGRATION.md,docs/architecture/PHASE4_PORTAL_INTEGRATION.md,current-support,review-required-planning,Repository Architect,docs/architecture/PHASE4_PORTAL_INTEGRATION.md,keep in docs/architecture pending owner review for promotion or archival,May 11 inventory kept this as current-support; May 12 triage flags it for owner review.
docs/architecture/PHASE5_STAGEGRAPH_INTEGRATION.md,docs/architecture/PHASE5_STAGEGRAPH_INTEGRATION.md,current-support,review-required-planning,Repository Architect,docs/architecture/PHASE5_STAGEGRAPH_INTEGRATION.md,keep in docs/architecture pending owner review for promotion or archival,May 11 inventory kept this as current-support; May 12 triage flags it for owner review.
docs/architecture/PHASE6_API_CONTRACT.md,docs/architecture/PHASE6_API_CONTRACT.md,current-support,review-required-planning,Repository Architect,docs/architecture/PHASE6_API_CONTRACT.md,keep in docs/architecture pending owner review for promotion or archival,May 11 inventory kept this as current-support; May 12 triage flags it for owner review.
docs/architecture/PHASE_C_ARCHITECTURAL_DECISION.md,docs/architecture/PHASE_C_ARCHITECTURAL_DECISION.md,current-support,review-required-planning,Repository Architect,docs/architecture/PHASE_C_ARCHITECTURAL_DECISION.md,keep in docs/architecture pending owner review for promotion or archival,May 11 inventory kept this as current-support; May 12 triage flags it for owner review.
docs/architecture/PORTAL_EDGE_HARDENING_IMPLEMENTATION_STANDARD.md,docs/architecture/PORTAL_EDGE_HARDENING_IMPLEMENTATION_STANDARD.md,current-support,review-required-planning,Portal App Steward,docs/architecture/PORTAL_EDGE_HARDENING_IMPLEMENTATION_STANDARD.md,keep in docs/architecture pending owner review for promotion or archival,May 11 inventory kept this as current-support; May 12 triage flags it for owner review.
docs/architecture/PORTAL_FRONTDOOR_ROADMAP.md,docs/architecture/PORTAL_FRONTDOOR_ROADMAP.md,canonical,canonical,Portal App Steward,docs/architecture/PORTAL_FRONTDOOR_ROADMAP.md,maintain as canonical architecture source,Kept in the explicit canonical architecture set from the May 12 triage plan.
docs/architecture/PORTAL_OPERATOR_CONSOLE_MODERNIZATION_EVIDENCE.md,docs/architecture/PORTAL_OPERATOR_CONSOLE_MODERNIZATION_EVIDENCE.md,current-support,review-required-planning,Portal App Steward,docs/architecture/PORTAL_OPERATOR_CONSOLE_MODERNIZATION_EVIDENCE.md,keep in docs/architecture pending owner review for promotion or archival,May 11 inventory kept this as current-support; May 12 triage flags it for owner review.
docs/architecture/PORTAL_OPERATOR_CONSOLE_MODERNIZATION_RFC.md,docs/architecture/PORTAL_OPERATOR_CONSOLE_MODERNIZATION_RFC.md,current-support,review-required-planning,Portal App Steward,docs/architecture/PORTAL_OPERATOR_CONSOLE_MODERNIZATION_RFC.md,keep in docs/architecture pending owner review for promotion or archival,May 11 inventory kept this as current-support; May 12 triage flags it for owner review.
docs/architecture/PORTAL_ORCHESTRATOR_ROADMAP.md,docs/architecture/PORTAL_ORCHESTRATOR_ROADMAP.md,canonical,canonical,Portal App Steward,docs/architecture/PORTAL_ORCHESTRATOR_ROADMAP.md,maintain as canonical architecture source,Kept in the explicit canonical architecture set from the May 12 triage plan.
docs/architecture/PR778_ARCHITECTURAL_ASSESSMENT.md,docs/pr_archive/architecture/PR778_ARCHITECTURAL_ASSESSMENT.md,historical,moved-to-pr-archive,Repository Architect,docs/governance/DOCUMENTATION_MAP.md,retain as PR/review evidence outside docs/architecture navigation,May 12 architecture triage moved PR/review-specific evidence out of maintained architecture navigation.
docs/architecture/PR_804_GOVERNANCE_ANALYSIS.md,docs/pr_archive/architecture/PR_804_GOVERNANCE_ANALYSIS.md,historical,moved-to-pr-archive,Repository Architect,docs/governance/DOCUMENTATION_MAP.md,retain as PR/review evidence outside docs/architecture navigation,May 12 architecture triage moved PR/review-specific evidence out of maintained architecture navigation.
docs/architecture/PR_845_ARCHITECTURAL_REVIEW.md,docs/pr_archive/architecture/PR_845_ARCHITECTURAL_REVIEW.md,historical,moved-to-pr-archive,Repository Architect,docs/governance/DOCUMENTATION_MAP.md,retain as PR/review evidence outside docs/architecture navigation,May 12 architecture triage moved PR/review-specific evidence out of maintained architecture navigation.
docs/architecture/PR_906_ARCHITECTURAL_REVIEW.md,docs/pr_archive/architecture/PR_906_ARCHITECTURAL_REVIEW.md,historical,moved-to-pr-archive,Repository Architect,docs/governance/DOCUMENTATION_MAP.md,retain as PR/review evidence outside docs/architecture navigation,May 12 architecture triage moved PR/review-specific evidence out of maintained architecture navigation.
docs/architecture/PR_906_FINAL_VERIFICATION.md,docs/pr_archive/architecture/PR_906_FINAL_VERIFICATION.md,historical,moved-to-pr-archive,Repository Architect,docs/governance/DOCUMENTATION_MAP.md,retain as PR/review evidence outside docs/architecture navigation,May 12 architecture triage moved PR/review-specific evidence out of maintained architecture navigation.
docs/architecture/PR_906_FOLLOWUP_DECISIONS.md,docs/pr_archive/architecture/PR_906_FOLLOWUP_DECISIONS.md,historical,moved-to-pr-archive,Repository Architect,docs/governance/DOCUMENTATION_MAP.md,retain as PR/review evidence outside docs/architecture navigation,May 12 architecture triage moved PR/review-specific evidence out of maintained architecture navigation.
docs/architecture/PR_906_FOLLOWUP_ISSUES.md,docs/pr_archive/architecture/PR_906_FOLLOWUP_ISSUES.md,historical,moved-to-pr-archive,Repository Architect,docs/governance/DOCUMENTATION_MAP.md,retain as PR/review evidence outside docs/architecture navigation,May 12 architecture triage moved PR/review-specific evidence out of maintained architecture navigation.
docs/architecture/PR_906_P1B_FIX_VERIFICATION.md,docs/pr_archive/architecture/PR_906_P1B_FIX_VERIFICATION.md,historical,moved-to-pr-archive,Repository Architect,docs/governance/DOCUMENTATION_MAP.md,retain as PR/review evidence outside docs/architecture navigation,May 12 architecture triage moved PR/review-specific evidence out of maintained architecture navigation.
docs/architecture/PR_932_ARCHITECTURAL_VERIFICATION.md,docs/pr_archive/architecture/PR_932_ARCHITECTURAL_VERIFICATION.md,historical,moved-to-pr-archive,Repository Architect,docs/governance/DOCUMENTATION_MAP.md,retain as PR/review evidence outside docs/architecture navigation,May 12 architecture triage moved PR/review-specific evidence out of maintained architecture navigation.
docs/architecture/PR_932_CRITICAL_FIXES_VERIFICATION.md,docs/pr_archive/architecture/PR_932_CRITICAL_FIXES_VERIFICATION.md,historical,moved-to-pr-archive,Repository Architect,docs/governance/DOCUMENTATION_MAP.md,retain as PR/review evidence outside docs/architecture navigation,May 12 architecture triage moved PR/review-specific evidence out of maintained architecture navigation.
docs/architecture/PR_932_DOCUMENTATION_ALIGNMENT_COMPLETE.md,docs/pr_archive/architecture/PR_932_DOCUMENTATION_ALIGNMENT_COMPLETE.md,historical,moved-to-pr-archive,Repository Architect,docs/governance/DOCUMENTATION_MAP.md,retain as PR/review evidence outside docs/architecture navigation,May 12 architecture triage moved PR/review-specific evidence out of maintained architecture navigation.
docs/architecture/PR_ARCHITECTURAL_ASSESSMENT_793_792_790.md,docs/pr_archive/architecture/PR_ARCHITECTURAL_ASSESSMENT_793_792_790.md,historical,moved-to-pr-archive,Repository Architect,docs/governance/DOCUMENTATION_MAP.md,retain as PR/review evidence outside docs/architecture navigation,May 12 architecture triage moved PR/review-specific evidence out of maintained architecture navigation.
docs/architecture/PR_REVIEW_ACTION_ITEMS.md,docs/pr_archive/architecture/PR_REVIEW_ACTION_ITEMS.md,historical,moved-to-pr-archive,Repository Architect,docs/governance/DOCUMENTATION_MAP.md,retain as PR/review evidence outside docs/architecture navigation,May 12 architecture triage moved PR/review-specific evidence out of maintained architecture navigation.
docs/architecture/README.md,docs/architecture/README.md,canonical,canonical,Repository Architect,docs/architecture/README.md,maintain as canonical architecture source,Kept in the explicit canonical architecture set from the May 12 triage plan.
docs/architecture/REPOSITORY_HEALTH_REPORT_2026-02-03.md,docs/historical/architecture/REPOSITORY_HEALTH_REPORT_2026-02-03.md,historical,moved-to-historical,Repository Architect,docs/governance/DOCUMENTATION_MAP.md,retain as point-in-time evidence outside docs/architecture navigation,May 12 architecture triage moved point-in-time reports out of maintained architecture navigation.
docs/architecture/SPATIAL_AI_PHASE_I_AUTHORIZATION.md,docs/architecture/SPATIAL_AI_PHASE_I_AUTHORIZATION.md,current-support,review-required-planning,Repository Architect,docs/architecture/SPATIAL_AI_PHASE_I_AUTHORIZATION.md,keep in docs/architecture pending owner review for promotion or archival,May 11 inventory kept this as current-support; May 12 triage flags it for owner review.
docs/architecture/SPATIAL_AI_ROADMAP_ARCHITECTURAL_REVIEW.md,docs/architecture/SPATIAL_AI_ROADMAP_ARCHITECTURAL_REVIEW.md,current-support,review-required-planning,Repository Architect,docs/architecture/SPATIAL_AI_ROADMAP_ARCHITECTURAL_REVIEW.md,keep in docs/architecture pending owner review for promotion or archival,May 11 inventory kept this as current-support; May 12 triage flags it for owner review.
docs/architecture/TEMPORAL_ARCHITECTURE_QUICKREF.md,docs/architecture/TEMPORAL_ARCHITECTURE_QUICKREF.md,current-support,review-required-planning,Repository Architect,docs/architecture/TEMPORAL_ARCHITECTURE_QUICKREF.md,keep in docs/architecture pending owner review for promotion or archival,May 11 inventory kept this as current-support; May 12 triage flags it for owner review.
docs/architecture/TEMPORAL_ARCHITECTURE_SUMMARY.md,docs/historical/architecture/TEMPORAL_ARCHITECTURE_SUMMARY.md,historical,moved-to-historical,Repository Architect,docs/governance/DOCUMENTATION_MAP.md,retain as point-in-time evidence outside docs/architecture navigation,May 12 architecture triage moved point-in-time reports out of maintained architecture navigation.
docs/architecture/TODO_INVENTORY_QUICK_REF.md,docs/architecture/TODO_INVENTORY_QUICK_REF.md,current-support,promoted-current-navigation,Repository Architect,docs/architecture/TODO_INVENTORY_QUICK_REF.md,maintain in current navigation and governance cross-references,Promoted/current-navigation support file named by the May 12 triage plan.
docs/architecture/TRANCHE_EXECUTION_PLAN.md,docs/architecture/TRANCHE_EXECUTION_PLAN.md,current-support,review-required-planning,Repository Architect,docs/architecture/TRANCHE_EXECUTION_PLAN.md,keep in docs/architecture pending owner review for promotion or archival,May 11 inventory kept this as current-support; May 12 triage flags it for owner review.
docs/architecture/TRANCHE_PHASE1_EXECUTIVE_SUMMARY.md,docs/historical/architecture/TRANCHE_PHASE1_EXECUTIVE_SUMMARY.md,historical,moved-to-historical,Repository Architect,docs/governance/DOCUMENTATION_MAP.md,retain as point-in-time evidence outside docs/architecture navigation,May 12 architecture triage moved point-in-time reports out of maintained architecture navigation.
docs/architecture/TRANCHE_PHASE1_QUALITY_REVIEW.md,docs/architecture/TRANCHE_PHASE1_QUALITY_REVIEW.md,current-support,review-required-planning,Repository Architect,docs/architecture/TRANCHE_PHASE1_QUALITY_REVIEW.md,keep in docs/architecture pending owner review for promotion or archival,May 11 inventory kept this as current-support; May 12 triage flags it for owner review.
docs/architecture/TRANCHE_PHASE2_EXECUTION_PLAN.md,docs/architecture/TRANCHE_PHASE2_EXECUTION_PLAN.md,current-support,review-required-planning,Repository Architect,docs/architecture/TRANCHE_PHASE2_EXECUTION_PLAN.md,keep in docs/architecture pending owner review for promotion or archival,May 11 inventory kept this as current-support; May 12 triage flags it for owner review.
docs/architecture/TRANCHE_PHASE2_QUICKREF.md,docs/architecture/TRANCHE_PHASE2_QUICKREF.md,current-support,review-required-planning,Repository Architect,docs/architecture/TRANCHE_PHASE2_QUICKREF.md,keep in docs/architecture pending owner review for promotion or archival,May 11 inventory kept this as current-support; May 12 triage flags it for owner review.
docs/architecture/V2_0_0_IMPLEMENTATION_PLAN.md,docs/architecture/V2_0_0_IMPLEMENTATION_PLAN.md,current-support,review-required-planning,Repository Architect,docs/architecture/V2_0_0_IMPLEMENTATION_PLAN.md,keep in docs/architecture pending owner review for promotion or archival,May 11 inventory kept this as current-support; May 12 triage flags it for owner review.
docs/architecture/V2_0_0_RELEASE_REVIEW.md,docs/architecture/V2_0_0_RELEASE_REVIEW.md,current-support,review-required-planning,Repository Architect,docs/architecture/V2_0_0_RELEASE_REVIEW.md,keep in docs/architecture pending owner review for promotion or archival,May 11 inventory kept this as current-support; May 12 triage flags it for owner review.
docs/architecture/V_JEPA_2_DECISION.md,docs/architecture/V_JEPA_2_DECISION.md,current-support,review-required-planning,Repository Architect,docs/architecture/V_JEPA_2_DECISION.md,keep in docs/architecture pending owner review for promotion or archival,May 11 inventory kept this as current-support; May 12 triage flags it for owner review.
docs/architecture/V_JEPA_2_INTEGRATION_ASSESSMENT.md,docs/architecture/V_JEPA_2_INTEGRATION_ASSESSMENT.md,current-support,review-required-planning,Repository Architect,docs/architecture/V_JEPA_2_INTEGRATION_ASSESSMENT.md,keep in docs/architecture pending owner review for promotion or archival,May 11 inventory kept this as current-support; May 12 triage flags it for owner review.
docs/architecture/V_JEPA_2_QUICKREF.md,docs/architecture/V_JEPA_2_QUICKREF.md,current-support,review-required-planning,Repository Architect,docs/architecture/V_JEPA_2_QUICKREF.md,keep in docs/architecture pending owner review for promotion or archival,May 11 inventory kept this as current-support; May 12 triage flags it for owner review.
docs/architecture/adr-0015-da3-1-1-non-commercial-research-tier.md,docs/architecture/adr-0015-da3-1-1-non-commercial-research-tier.md,canonical,canonical,Repository Architect,docs/architecture/adr-0015-da3-1-1-non-commercial-research-tier.md,maintain as canonical architecture source,Kept in the explicit canonical architecture set from the May 12 triage plan.
docs/architecture/agent_governance.md,docs/architecture/agent_governance.md,canonical,canonical,Repository Architect / Agent governance,docs/architecture/agent_governance.md,maintain as canonical architecture source,Kept in the explicit canonical architecture set from the May 12 triage plan.
docs/architecture/analysis/ANALYSIS-DH-001.md,docs/architecture/analysis/ANALYSIS-DH-001.md,current-support,review-required-analysis,Repository Architect,docs/architecture/analysis/ANALYSIS-DH-001.md,keep in docs/architecture pending owner review for promotion or archival,May 11 inventory kept this as current-support; May 12 triage flags it for owner review.
docs/architecture/ci_gate_pattern.md,docs/architecture/ci_gate_pattern.md,current-support,review-required-planning,Repository Architect,docs/architecture/ci_gate_pattern.md,keep in docs/architecture pending owner review for promotion or archival,May 11 inventory kept this as current-support; May 12 triage flags it for owner review.
docs/architecture/performance_ledger_v1.7_review.md,docs/architecture/performance_ledger_v1.7_review.md,current-support,review-required-planning,Repository Architect,docs/architecture/performance_ledger_v1.7_review.md,keep in docs/architecture pending owner review for promotion or archival,May 11 inventory kept this as current-support; May 12 triage flags it for owner review.
docs/architecture/phase3_l1_cache_invariants.md,docs/architecture/phase3_l1_cache_invariants.md,current-support,review-required-planning,Repository Architect,docs/architecture/phase3_l1_cache_invariants.md,keep in docs/architecture pending owner review for promotion or archival,May 11 inventory kept this as current-support; May 12 triage flags it for owner review.
docs/architecture/pr-review-845-883-superseded.md,docs/pr_archive/architecture/pr-review-845-883-superseded.md,historical,moved-to-pr-archive,Repository Architect,docs/governance/DOCUMENTATION_MAP.md,retain as PR/review evidence outside docs/architecture navigation,May 12 architecture triage moved PR/review-specific evidence out of maintained architecture navigation.
docs/architecture/specifications/SPEC-DH-001.md,docs/architecture/specifications/SPEC-DH-001.md,canonical,canonical,Repository Architect,docs/architecture/specifications/SPEC-DH-001.md,maintain as canonical architecture source,Kept in the explicit canonical architecture set from the May 12 triage plan.
docs/architecture/transformation_portal_roadmap_rereview_2026-04-07.md,docs/architecture/transformation_portal_roadmap_rereview_2026-04-07.md,current-support,review-required-planning,Repository Architect,docs/architecture/transformation_portal_roadmap_rereview_2026-04-07.md,keep in docs/architecture pending owner review for promotion or archival,May 11 inventory kept this as current-support; May 12 triage flags it for owner review.
